screen_name,state,URLs
AZSenateGOP,AZ,"http://tinyurl.com/h7hsacq,http://tinyurl.com/h8lbety,http://tinyurl.com/jrx8sjx,http://tinyurl.com/hgtttdw,http://tinyurl.com/hmvmbgu"
ColoSenGOP,Colorado,"https://twitter.com/SCOTTFORCOLO/status/687351741076000768,http://www.denverpost.com/news/ci_29364773/conservative-split-challenges-republican-majority-colorado-senate,http://www.denverpost.com/news/ci_29342099/colorados-limping-immigrant-drivers-program-faces-many-more,https://www.youtube.com/watch?v=neKjWTvtT_k,http://www.realclearpolitics.com/articles/2016/01/11/high_court_seems_ready_to_scrap_mandatory_public_union_fees_129274.html,http://www.thedailybeast.com/articles/2016/01/03/how-liberals-are-the-new-autocrats.html,https://twitter.com/SenatorCrowder/status/689915638177902592,https://www.cpr.org/news/story/environmental-groups-eye-federal-coal-lease-case-colorado,http://www.postindependent.com/news/19150553-113/blm-cancel-thompson-divide-gas-leases,http://thehill.com/policy/energy-environment/265924-new-mexico-to-sue-epa-for-mine-waste-spill,http://gazette.com/colorado-sen.-cadman-still-a-believer-in-democratic-process-embarks-on-final-term-in-legislature/article/1567053,https://d3n8a8pro7vhmx.cloudfro"
FloridaGOP,FL,"http://www.sunshinestatenews.com/story/10000-school-choice-supporters-rally-tally,http://www.florida.gop/schoolchoice,http://florida.gop/foxbusdebate114,https://gop.com/the-top-5-rules-clinton-broke/,http://money.cnn.com/2016/01/13/news/economy/obama-jobs-state-of-the-union/index.html?sr=twCNN011316ews/economy/obama-jobs-state-of-the-union/index.html%25200436PMStoryLink&linkId=20329492,http://bit.ly/gopprespoll,http://florida.gop/questionsforhillary,http://www.florida.gop/stop_hillary,http://americarisingpac.org/the-clinton-campaign-is-really-worried-about-iowa/,http://www.washingtonexaminer.com/obamas-new-gun-control-force-8-times-the-size-of-pentagons-isis-commando-team/article/2579594,http://thehill.com/blogs/ballot-box/other-races/265044-liberal-group-demands-dnc-chair-resign,https://www.youtube.com/watch?v=kqYefKMNGe4,https://gop.com/clinton-goes-way-back-with-wall-street/,https://gop.com/clinton-directed-staff-to-send-secure-info-through-insecure-means/,http://thehill.com/blogs/congress-blog/presidentia"
FLSenateGOP,FL,"http://www.fox13news.com/news/local-news/67283688-story,http://fw.to/Mkfoovb,http://fb.me/751UvzGrK,http://bit.ly/1mIvE4t,http://bit.ly/1kPOe9r,http://bit.ly/LhQ81C,http://www.tcpalm.com/news/politics/local/senate-passes-negron-bill-to-prohibit-state-business-with-anti-israel-companies-29cd6f54-ac59-477f-e-366091371.html,https://twitter.com/lizbethkb/status/689098518145961984,http://bit.ly/1ZPQNM2,http://floridapolitics.com/archives/198224-vocational-rehab-performance-improvement-plan-clears-higher-education-committee"
gophawaii,Hawaii,"http://goo.gl/MXlBBB,http://gophawaii.com/?page_id=822,http://dlvr.it/DJqkym,https://twitter.com/HawaiiHouseGOP/status/687439110919696386,https://twitter.com/FoxNews/status/692120168525361153,http://goo.gl/broqIX,http://fb.me/40bKq6f68,http://eepurl.com/bM6c6z,http://bit.ly/1lpk0KK,http://goo.gl/rTYgOx,http://eepurl.com/bMOH71,https://youtu.be/hJgoR2CFefA,https://twitter.com/FoxNews/status/692120255032852482,http://bit.ly/1lQWnv1,http://fxn.ws/1IZA1mn"
gov_gilmore,na,"http://www.smhc-nh.org,http://www.necn.com/news/new-england/-Candidates-React-to-Obamas-Executive-Order-on-Guns-364305041.html,http://www.nytimes.com/2016/01/14/opinion/campaign-stops/why-i-will-never-vote-for-donald-trump.html?smid=nytcore-iphone-share&smprod=nytcore-iphone,http://abcn.ws/1H3IxIB,https://youtu.be/QeNo-aqOt-4,http://bostonheraldradio.com,http://www.foxnews.com/live-coverage/fox-news-google-gop-debate,http://nation.foxnews.com/2016/01/28/google-searches-jim-gilmore-spike-700-percent,https://twitter.com/NHPSC/status/684815194464333824,http://southcarolinateapartycoalition.com,http://www.gilmoreforamerica.com/barnstorms/,https://medium.com/@gov_gilmore/my-plan-for-economic-growth-395adc85a7b7#.osgg5kany,https://amp.twimg.com/v/95b51119-9132-4527-8e91-fe68bf18cb6d,http://www.wmur.com/politics/fitn-presidential-town-hall-in-nashua/37576896,https://twitter.com/FoxNews/status/692120168525361153,https://shar.es/16BEba,http://www.theatlantic.com/politics/archive/2016/01/jim-gilmore-republican-debate/4"
HeatherCarterAZ,AZ,"https://shar.es/16G4Sn,http://fb.me/3lxDGpaPl,https://twitter.com/arma_docs/status/693498090469261316,http://fb.me/4oTieJETf,http://fb.me/6X72wd2HE,https://twitter.com/uaphxfamilymed/status/692417718532902912"
IASenateGOP,IA,"http://iasen.gop/1OmCV3f,http://iasen.gop/011116"
IdahoGOP,Idaho,"https://twitter.com/foxnews/status/692121103913914368,http://www.buzzfeed.com/claudiakoerner/inspector-general-clinton-emails-contained-information-beyon,http://politi.co/1KJ6VCQ,https://gop.com/continuing-the-dream-by-committing-to-community/,https://twitter.com/randpaul/status/691815266632798208,http://fb.me/2fn3rjWMC,http://LeadRight2016.com,https://twitter.com/naghmehabedini/status/688371354165325826,https://twitter.com/injo/status/691833385048805384,http://nyti.ms/1kA9u2Z,http://wapo.st/1KIUebj,http://580kido.com/gop-debate-watch-party-this-thursday-night/,http://gop.cm/1O6eViH,http://www.idgop.org/page/winter-meeting,http://frontloading.blogspot.com/2016/01/2016-republican-delegate-allocation_25.html?m=1#.VqakMQtWXMU.twitter,https://twitter.com/idahogop/status/685608892324159489,https://www.periscope.tv/w/1gqxvwNNjPQKB,http://washex.am/20b4l4Z,https://twitter.com/bretbaier/status/687101292334854145,https://www.washingtonpost.com/news/the-fix/wp/2016/01/06/house-democrats-are-running-out-of-future-leader"
ILSenateGOP,IL,"http://fb.me/7sJPYoTZC,http://fb.me/7MS2BkOHW,http://fb.me/2uy9R0bcA,http://fb.me/3gxK1flND,http://fb.me/2gAVtaMQ9,http://fb.me/75oX5mItF,http://www.wandtv.com/story/30960527/senate-meets-no-ground-made-on-new-state-budget,http://fb.me/2HpPtk2yb,http://fb.me/3I7Bp74vf,http://fb.me/76vVHDYGo,http://fb.me/Uc8Lq8Os,http://fb.me/4nKt5GOQo,http://fb.me/3h9rBocDS,http://fb.me/7EhLNeWjQ,http://fb.me/3i0bMNNkJ,http://fb.me/84v333vDT,http://fb.me/5Cf7GuP1H,http://fb.me/2IHVhbeaF,http://fb.me/2tlnFqbT1,http://fb.me/24gvc3JFu,http://cityclub-chicago.org/live"
indgop,Indiana,"http://player.liquidcompass.net/WIBCFM,http://bit.ly/1nq3FaK,http://indy.st/1PVsRMI,http://indgop.org/join-your-county-party,http://ow.ly/i/fWwgs,http://rokita.house.gov/press-release/rokita-opposes-obama%E2%80%99s-unconstitutional-assault-second-amendment,http://bit.ly/1Oe6MLl,http://on.fb.me/1JysdrU,http://indy.st/1OUqonW,http://bit.ly/1JTVkjZ,http://www.wowo.com/ListenLive.aspx,http://bit.ly/1SKxv6o,http://www.indiana.gop,http://ow.ly/i/fWzxZ,http://bit.ly/1OdCB4C,https://es.adobeconnect.com/_a1016770306/indiana/?launcher=false,http://roll.cl/1SxTZqf,http://bit.ly/20gKuxT,http://ow.ly/i/fPd6g,https://rokita.house.gov/press-release/rokita-addresses-indiana-general-assembly,http://indy.st/1mYEivY,http://www.insideindianabusiness.com/story/31082632/visit-indy-reports-record-tourism-numbers#.VqtxXGXm1WU.twitter,http://bucshon.house.gov/press-release/dr-bucshon-responds-sotu-0,http://bit.ly/1JajUuZ,http://on.fb.me/1HwZDQX,http://bit.ly/1Z8PF60,http://indy.st/1PJeAXS,http://bit.ly/1KYiQ2b,https://twitter.com/ind"
JebBush,na,"https://cards.twitter.com/cards/1vb0ck/1bxbn,http://jeb.cm/1JcwK34,http://jeb.cm/1KwXkPw,https://amp.twimg.com/v/6d90faad-25ee-4f83-a9ce-568e358db616,http://jeb.cm/1Z2jtkF,https://amp.twimg.com/v/0656c091-2d9c-4f7e-a3ea-37c7c83b32f1,http://jeb.cm/1Z2jAfV,https://amp.twimg.com/v/184bb0d5-2e1b-4106-93d1-8835a7834d66,https://cards.twitter.com/cards/1vb0ck/1dbbd,http://nyti.ms/1N3NVPa,https://amp.twimg.com/v/d30c242b-2d49-40ad-b0ff-3103302c989b,https://amp.twimg.com/v/db865ffa-83ac-4a18-922d-1b4509904127,http://jeb.cm/1Pe3k79,http://bbc.in/1O4rj50,https://amp.twimg.com/v/175fad70-f93d-48e2-a863-d5d84be9362c,https://amp.twimg.com/v/66b68cb3-6796-4250-9b91-535a258594b7,https://amp.twimg.com/v/9062a7ee-bb88-4efd-acba-d490d8394d43,http://on.wsj.com/1SoWJWU,http://jeb.cm/1JlfbgY,http://on.wsj.com/1VcoReM,https://amp.twimg.com/v/410731db-ca53-41bb-b2a1-0d843668b678,https://twitter.com/BulldogsforJeb/status/692533984018980864,https://amp.twimg.com/v/644549a7-f800-4e50-8688-df4dba797da2,https://amp.twimg.com/v/f88cb0f8-b"
JohnKasich,na,"https://johnkasich.com/blog-posts/endorsement-the-boston-globe-supports-john-kasich-for-president/,http://JohnKasich.com,https://twitter.com/tuohy/status/688019555831144452,http://WinOhioStopHillary.com,http://JohnKasich.com/DesMoinesDebate,https://johnkasich.com/resultsnow/,http://www.bostonglobe.com/opinion/editorials/2016/01/25/republicans-should-vote-for-john-kasich-new-hampshire/alUwyPAaf0llfdbB0jwDmN/story.html?event=event25,https://amp.twimg.com/v/6fcff3b6-624e-45f9-8855-06e7012d093f,https://twitter.com/MaryTaylorOH/status/693084491640864768,http://JohnKasich.com/App,https://johnkasich.com/blog-posts/fifth-poll-shows-john-kasich-second-in-new-hampshire/,https://www.youtube.com/watch?v=60cKLsmyiwM,https://johnkasich.com/blog-posts/iowa-letter-to-the-editor-support-kasich-to-tackle-challenges/,http://thehill.com/policy/energy-environment/257078-kasich-energy-plan-would-repeal-obama-rules-boost-drilling,http://SinkingJeb.com,https://johnkasich.com/blog-posts/the-new-york-times-with-calm-and-experience-joh"
KansasSenateGOP,Kansas,"http://www.therepublic.com/view/story/d2beb395c7ff43d8842c3ceab9e57869/KS--Legislature-Opening-Day,http://kansas.gov,http://www.kansansforjustice.com,http://www.morningsun.net/news/20160122/law-would-require-local-vote-on-taxes,http://www.kslegresearch.org/KLRD-web/Publications/AppropriationsRevenue/KansasStatewideEfficiencyInterimRpt2016Jan12.pdf"
KYSenateGOP,Kentucky,"https://twitter.com/ekucommunities/status/692445060701515777,http://www.lrc.ky.gov/legislative_calendar/index.aspx,http://www.ket.org/legislature/?legislation=senate&autoplay=true,https://www.facebook.com/media/set/?set=a.999522116787439.1073741991.428596363880020&type=3,http://ket.org/legislature,https://twitter.com/adambeam/status/684389372523855872,http://bit.ly/1RRwdF4,https://m.facebook.com/story.php?story_fbid=1691579921087649&id=1691316904447284&_rdr,http://bit.ly/CapitolConnection,https://twitter.com/mycn2/status/687737545967271936,http://ket.org/live,https://twitter.com/RylandKY/status/692435273364475907,https://kysenategop.wordpress.com/2016/01/30/senator-robert-stivers-on-the-passing-of-georgia-powers/,https://www.facebook.com/media/set/?set=a.993982217341429.1073741990.428596363880020&type=3,https://kysenategop.wordpress.com/2016/01/21/kentucky-senate-cancels-january-22-session-due-to-winter-storm-jonas/,http://www.ket.org/legislature/,https://twitter.com/kytonightket/status/684190862637674497,htt"
lagop,Louisiana,"http://www.lagop.com/blog/2016/1/13/edwards-medicaid-expansion-is-bad-fiscal-and-health-care-policy,http://thehayride.com/2016/01/fail-not-only-did-john-bel-edwards-lie-about-who-gets-the-credit-for-fixing-i-10-in-baton-rouge-he-lied-about-every-aspect-of-the-story/,https://twitter.com/MelindaDeslatte/status/692470661684535296,http://www.lagop.com/blog/2016/1/8/become-a-delegate-to-the-2016-rnc-national-convention,http://theadvocate.com/news/14688093-93/louisiana-gov-john-bel-edwards-keeps-bobby-jindal-era-salaries-he-criticized-as-exorbitant,http://taxfoundation.org/article/state-and-local-sales-tax-rates-2015,https://twitter.com/lapoliticsnow/status/690959488497614848,http://www.lagop.com/blog/2016/1/19/hillary-clintion-cashing-in-on-landrieu-favors,http://klfy.com/2015/12/30/dardenne-raising-taxes-among-options-to-fix-louisianas-budget-crisis/,http://thehayride.com/2016/01/john-bel-edwards-dhh-secretary-is-absolutely-awful-and-her-appointment-shows-he-lied-during-his-campaign/,http://www.lagop.com/blog/201"
mainegop,Maine,"https://twitter.com/reppoliquin/status/686616769151299584,http://www.mainegop.com/irresponsible-emily-how-emily-cains-past-rhetoric-about-iran-deal-proves-her-position-was-irresponsible/#.VqZY4ohse-o.twitter,http://bdn.to/wmqn,http://mainesenatepresident.com/emergency-drug-legislation-signed-into-law/,http://www.themainewire.com/2016/01/fight-heroin-epidemic/,http://mehousegop.org/2016/01/19/house-republican-leaders-statements-on-passage-of-drug-treatment-bill/,http://www.mainegop.com/shifty_shady/#.VpgNIhb0pvY.twitter,http://www.mainegop.com/chairmans-statement-on-passing-of-senator-lois-snowe-mello/#.VqZqaNrDS4o.twitter"
marcorubio,na,"http://rub.io/DsbvPY,http://rub.io/AzGoQ7,https://amp.twimg.com/v/29d8126c-1bcf-4031-a08f-337a8029cb1d,http://rub.io/G8mGnT,http://youtu.be/-V6qyi5gndM,http://youtu.be/Kd4UWid6PuI,https://youtu.be/2mP7iFIKSqA,https://amp.twimg.com/v/f38d30f4-9913-45a9-8d45-8fac5553bf6b,http://rub.io/zziwGG,http://rub.io/UfPJ7G,http://rub.io/KPP7tq,http://rub.io/uQrDcf,http://rub.io/yRb3vN,https://cards.twitter.com/cards/9dh7c/1bpzw,http://rub.io/evtPFw,http://rub.io/Dfujmv,http://rub.io/jLvaKh,https://amp.twimg.com/v/fe0dc308-d256-4d05-b7b5-b322fe6aa24d,http://rub.io/8k38q7,https://cash.me/$MarcoRubio,http://rub.io/tai1VM,http://rub.io/Jf99SY,https://amp.twimg.com/v/bb58345c-1613-4555-8d55-3d6b758ccc81,http://youtu.be/6nK60C4BqLo,http://rub.io/y6ENZ1,https://twitter.com/jaredsmall/status/687000414173044736,http://youtu.be/YRkhpv_Ru1Y,https://amp.twimg.com/v/0c3bfebb-1b11-4041-958c-d71a87ac5413,https://amp.twimg.com/v/84da057e-971c-4d4a-845d-71d74d690a1d,http://rub.io/HQfqPs,http://time.com/4165730/marco-rubio-gun-control/,htt"
massgop,Massachusetts,"http://www.bostonherald.com/opinion/editorials/2015/12/editorial_toast_to_local_control,http://www.eagletribune.com/opinion/editorial-rubio-is-the-best-choice-in-new-hampshire-primary/article_992837e3-fdf1-5ed9-95fe-91cd26cc02f7.html,http://www.bostonherald.com/opinion/editorials/2016/01/editorial_beast_that_must_be_tamed,http://bit.ly/1NkrrJN,https://twitter.com/PatriotLedger/status/684035622533599232,http://www.massgop.com/medical_device,https://www.bostonglobe.com/news/politics/2016/01/28/even-for-baker-these-poll-numbers-were-high/yH9DykNHOaun76PERXmyRK/story.html,http://www.thesunchronicle.com/news/local_news/kevin-dumas-prepares-for-act-as-attleboro-s-mayor/article_4a94a482-bb8f-5e0f-a713-d5049932a27a.html,http://www.bostonherald.com/radioplayer/,https://gop.com/democrats-once-praised-ig-clinton-is-smearing/,https://twitter.com/MassGovernor/status/687003049605349381,http://www.patriotledger.com/article/20160104/NEWS/160108854,https://www.youtube.com/watch?v=xDrFUKIYRr8,https://twitter.com/GOP/status/686"
mdsenategop,Maryland,http://fb.me/2lxSVFeCF
MISenate,Michigan,"4668,http://www.michigan.gov/snyder/0,http://bit.ly/1Pn5cdN,https://twitter.com/MichStatePolice/status/690591273296752641,http://bit.ly/1Pkp80Y,http://bit.ly/1PHJilN,http://ow.ly/WOgYV,https://twitter.com/JohnMProos/status/684475846392987648,http://bit.ly/1OGNqN0,00.html,http://www.freep.com/story/money/business/michigan/2016/01/02/5-trends-watch-state-economy/78012668/,http://bit.ly/1OLop3l,7-277-74857_74858---,http://bit.ly/1PF14py,http://senate.michigan.gov,http://bit.ly/1OL9LZT,http://bit.ly/1mFI1ig,http://bit.ly/1KKf61E,http://bit.ly/1mYvN4G,http://fb.me/7TSeSAQTu,http://1.usa.gov/1OtGW3K,http://1.usa.gov/1njLeo4,http://bit.ly/1PE1DQC,http://bit.ly/1nm8IJi"
MissouriGOP,Missouri,"https://lincolndays.missouri.gop/event-registration/,https://www.youtube.com/watch?v=05rkc3tHbng,http://mogop.org,http://clk.gop/kX35uM,http://clk.gop/hTQjt9,http://clk.gop/jV2dcG,http://clk.gop/qKNdnF,http://clk.gop/cTMrBU,http://clk.gop/wJgMpb,http://clk.gop/2KWSyw,http://clk.gop/wHqAWJ,http://clk.gop/2ekojX,http://clk.gop/LSzgcj,http://clk.gop/hVQC5k,http://clk.gop/5yC8H3,http://clk.gop/sdu5Yd,http://clk.gop/sSRy8m,http://lincolndays.missouri.gop,http://missouri.gop/volunteer,https://twitter.com/housegop/status/683339854399160321,http://clk.gop/qUmLbj,http://clk.gop/pnJdR5,https://amp.twimg.com/v/9c2a41a0-1718-415b-8b0f-ca0a26c6cf01,https://www.missouri.gop/election-2016/,http://missouri.gop/volunteer/,http://clk.gop/C179Yb,http://clk.gop/aTwoAj,http://clk.gop/fYxtSo,http://clk.gop/QQXGcM,http://clk.gop/z4mqLv,https://twitter.com/farmsteadrealty/status/688433941943050240,http://clk.gop/fF8bFF,http://clk.gop/boqesw,http://clk.gop/BnesUk,http://clk.gop/9Rg4TX,http://clk.gop/y9u5QC,http://clk.gop/YRT7U5,http:"
mnsrc,Minnesota,"http://buff.ly/1l77vDq,https://www.periscope.tv/w/aXJpvjI2NTUzODJ8MUx5eEJWbXBBTG94Tp7QB4qpxhKDsdvDHKkBBpmGiyYIJrp1i0Udp552wbzr,https://twitter.com/StarTribune/status/684192705673445378,http://strib.mn/1UPGfpj,http://strib.mn/1nRlNdn,http://bit.ly/1JTNqac,http://buff.ly/1ZaFSXK,http://www.senate.leg.state.mn.us/jobs/employment_postings/view_job.php?id=170,https://twitter.com/pioneerpress/status/684608747029839873,https://youtu.be/8fG4mMIS3TI,https://twitter.com/MinnPost/status/689827261462265857,https://twitter.com/chrissnowbeck/status/689832494745554944,http://cnnmon.ie/1RA8cni,https://www.periscope.tv/w/aXJs3jI2NTUzODJ8MXJteFBsd2xwZUx4TpdClkiWSkkKxgYz-AqOUHjFVyPb5FHd92EfownXfuxc,https://www.youtube.com/watch?v=_Yz0whV45Es,http://bit.ly/1SJW8z7,http://bit.ly/1UzWLK9,http://bit.ly/1SdSnmJ"
MSGOP,Mississippi,"http://mdah.state.ms.us/new/news/hil-2016/,http://www.foxnews.com/politics/2016/01/19/inspector-general-clinton-emails-had-intel-from-most-secretive-classified-programs.html,https://594310.content.nlgrid.com/wf/webmail?rp=ZTI1bGQzTnNaWFIwWlhKZmFXUTZNVEl6TkN4MWMyVnlYMmxrT2pJMU5qVTBmUWV5SnVaWGR6YkdWMGRHVnlYMmxrSWpvaU1qRTVNakk0TkRraUxDSnVaWGR6YkdWMGRHVnlYM1Z6WlhKZmFXUWlPakV5TkRJd01URXdNalF5TlgwPQ%3D%3D,http://hill.cm/lcEgVf1,http://www.mpbonline.org/,http://www.mpbonline.org/blogs/news/2016/01/12/live-inauguration-of-gov-phil-bryant/,https://amp.twimg.com/v/ca8483f5-7673-400b-ac68-0a59d100ef45,https://twitter.com/hillaryclinton/status/690164705135083520,http://spencerritchie80.polldaddy.com/s/who-won-last-night-s-debate,http://www.msgop.org/2016-presidential-straw-poll/,http://cnn.it/1RhUqWB,https://594310.content.nlgrid.com/wf/webmail?rp=ZTI1bGQzTnNaWFIwWlhKZmFXUTZNVEl6TkN4MWMyVnlYMmxrT2pJMU5qVTBmUWV5SnVaWGR6YkdWMGRHVnlYMmxrSWpvaU1qRTRNemswT0RjaUxDSnVaWGR6YkdWMGRHVnlYM1Z6WlhKZmFXUWlPalUyT0RreE5EQXdORE0yZlE9PQ%3"
NancyBarto,AZ,"http://nancybarto.com/wordpress/?p=3428,https://twitter.com/tumbleweedyouth/status/686585936742842369,https://twitter.com/momiofaz/status/692474420540116992,https://twitter.com/katiepavlich/status/682299596576571392,https://twitter.com/ajbaghai/status/689594753319510016,https://twitter.com/mercymaricopa/status/685531602370207745,https://twitter.com/emilyjyu/status/688415541267070976,https://twitter.com/heathercarteraz/status/687127938551136256,https://twitter.com/buccerinancy/status/691971386391281669,https://twitter.com/callisto1947/status/681904427977076736,https://twitter.com/repmattsalmon/status/690273992255496192,https://twitter.com/azeconomicnews/status/689492717634584576,http://nancybarto.com/wordpress/?p=3417,https://twitter.com/kengreenberg/status/691975560055164928,https://twitter.com/arizotasocialme/status/689635597695123457"
NCGOP,"North Carolina","http://thehill.com/business-a-lobbying/lobbying-hires/265281-ex-sen-kay-hagan-joins-lobby-firm,http://www.charlotteobserver.com/news/politics-government/article53181805.html,http://sotu.gop.gov/,https://twitter.com/ross_purgason/status/687825393420775424,https://twitter.com/SenatorBerger/status/687283051718656001,http://www.washingtonexaminer.com/state-dumps-thousands-of-clinton-emails-at-1-a.m./article/2579929,https://www.instagram.com/p/BAaZuOaAQpj/,https://twitter.com/ross_purgason/status/692907871391072256,https://twitter.com/govofficeNC/status/687022958154498048,https://twitter.com/ross_purgason/status/692896539761516545,http://bit.ly/1PXIQwr,http://www.newsobserver.com/news/politics-government/state-politics/article56681118.html,http://www.rga.org/homepage/ghost-of-elections-past-returning-to-haunt-roy-coopers-campaign-for-north-carolina-governor/,https://twitter.com/RoyCooperNC/status/689507180706271232,http://lockerroom.johnlocke.org/2016/01/14/nea-union-affiliates-are-hurtin/,https://www.youtube.com/"
NDGOP,"North Dakota","http://www.ndgop.org/?p=6879,http://bit.ly/1ONnBQF"
NEGOP,NE,https://gop.com/clinton-stumbles-on-fresh-questions-regarding-emails/
NewMexicoGOP,"New Mexico","http://tinyurl.com/m5tyaya,http://nmpolitics.net/index/2016/01/gov-susana-martinezs-2016-state-of-the-state-address/,http://newmexico.gop/press-release/,http://www.foxbusiness.com/features/2016/01/11/where-can-watch-and-participate-in-gop-debate.html,https://newmexico.gop/1357-2/,http://www.youtube.com/watch?v=jC5PnEtx-E4"
NewYorkGOP,"New York","http://www.foxnews.com/politics/2016/01/21/flare-out-mega-solar-company-slashing-jobs-despite-govt-benefits.html?intcmp=hplnws,http://m.huffpost.com/us/entry/8913948,http://www.nygop.org,http://newyork.gop,http://m.timesunion.com/tuplus-local/article/Churchill-Reasons-to-worry-about-15-minimum-wage-6772873.php,https://twitter.com/fud31/status/686163791097282560"
NHGOP,"New Hampshire","https://www.youtube.com/watch?v=zDAmPIq29ro,http://www.wmur.com/politics/jeb-bush-confirms-appearance-at-nhgops-firstinnation-town-hall/37258572,http://maggiesmia.tumblr.com/,http://fitn.gop/fitn-presidential-town-hall/,http://www.fitn.gop,https://twitter.com/ToddCheewing/status/693883975471882245,https://twitter.com/carockow/status/692730392055562240,https://twitter.com/AmericaRising/status/689577083303919617,https://twitter.com/weeklystandard/status/687028021266628612,http://nhgop.org/news-press/clinton-campaigns-with-first-in-the-nation-foe,http://vtgop.org/first-in-the-nation-raffle/,https://twitter.com/SenScottBrown/status/684789454796681216,http://abcnews.go.com/Politics/wireStory/ig-emails-clintons-server-top-secret-36381492,http://nhgop.org/news-press/hassan-embarrassed-by-premature-gloating,http://nhgop.org/news-press/nh-tax-relief-takes-effect-despite-hassan-budget-veto,https://twitter.com/JamesPindell/status/689569046556184576,http://www.realclearpolitics.com/articles/2016/01/13/hillary_clintons_co"
OhioSenateGOP,Ohio,"https://twitter.com/cantonrepdotcom/status/692416822654701569,https://www.youtube.com/watch?v=p0YDbGeWksI,https://twitter.com/oscpa/status/691717277276884993,http://ow.ly/WTZFv,http://eepurl.com/bNwiVH,http://ow.ly/Xw2f4,http://www.lsc.ohio.gov/fellowship/,http://ow.ly/X3Hgd,http://ow.ly/Xy353,http://www.wkyc.com/story/news/local/lorain-county/2015/12/24/diabetes-law-changes/77893956/,http://www.ohiochannel.org/MediaLibrary/OhioChannelLive.aspx?liveStreamId=2,http://www.mansfieldnewsjournal.com/story/news/local/2016/01/07/spread-light-week-kicks-saturday/78431710/,http://ow.ly/XywEt,http://ow.ly/XhEFv,http://timesgazette.com/news/5069/parking-for-veterans,http://www.publicsafety.ohio.gov/video_challenge/index.html,https://twitter.com/ohiocpa/status/692024081374408705,http://ow.ly/XKXeh,https://twitter.com/ohiolife/status/692452586415374336,http://ow.ly/WXZr9,http://ow.ly/X4bwm,http://ow.ly/WuKBe,http://ow.ly/X7PLX,http://ohiosenate.gov/widener/press/widener-announces-plans-to-retire-after-more-than-two-decade"
PASenateGOP,Pennsylvania,"http://dlvr.it/DGvfw9,http://PASenateGOP.com,http://dlvr.it/KKyvqC,http://dlvr.it/DB53zN,http://dlvr.it/DBcZGn,http://dlvr.it/DKrkhd,http://goo.gl/P020jO,http://dlvr.it/DLTvL5,http://dlvr.it/DKvRCW,http://dlvr.it/DD0DSH,http://dlvr.it/KKyz63,http://senateaddress.pasen.gov,http://dlvr.it/DCyyYc,http://dlvr.it/DBbcTz"
RealBenCarson,na,"http://crsn.co/offclhlthcare,http://crsn.co/1JZNZ7O,http://crsn.co/ReviveEdu,http://bencarson.com/issues/foreign-policy,http://crsn.co/CarsonFlatTax,http://crsn.co/PinterestProLife,http://fxn.ws/1VXCI9F,http://crsn.co/1P0DcXQ,https://amp.twimg.com/v/3b9f94a1-dc5e-4583-b4c8-642f7773814a,http://washex.am/1JyyK5M,https://amp.twimg.com/v/80e58021-9b2e-4ed3-9702-ceb7f6e7c874,https://amp.twimg.com/v/cb8e5ab5-4d34-416d-8ffa-904de6bea363,https://amp.twimg.com/v/ed2948fd-7410-4219-9e11-040fea93a7ac,https://twitter.com/TomLatham/status/684830589208363008,https://www.ijreview.com/2016/01/513014-ben-carson-foreign-policy-plan/,http://www.breitbart.com/big-government/2016/01/08/2728202/,http://crsn.co/FairTaxSystem,http://crsn.co/CarsonForeignPolicy,http://crsn.co/CarsonCyberSecurity,http://crsn.co/SevenStepsToSaferAmerica,https://amp.twimg.com/v/f6dc85ad-0834-4157-b971-4600aaf8368f,https://amp.twimg.com/v/e8f28dd1-11ce-4d51-940b-0925c73a5065,https://amp.twimg.com/v/fe2f85c3-503b-45f5-8b7a-d99b6aa426b7,http://crsn.co/Help"
realDonaldTrump,na,"https://www.youtube.com/watch?v=1FJ6WYtLgbo,https://www.youtube.com/watch?v=_Otk1FRbNR8&feature=youtu.be,http://www.DonaldTrumpForVets.com,https://www.facebook.com/DonaldTrump/posts/10156537190420725:0,https://www.bostonglobe.com/opinion/2016/01/11/through-ted-cruz-constitutional-looking-glass/zvKE6qpF31q2RsvPO9nGoK/story.html,http://bit.ly/1niL6oL,https://www.instagram.com/p/BAPvZ-1GhbP/,https://www.donaldjtrump.com/iowa/caucus-finder/,http://www.forbes.com/sites/forbestravelguide/2016/01/28/20-most-anticipated-hotel-openings-of-2016/#36c1736268da,https://twitter.com/melindaross123/status/687706108807397376,https://twitter.com/CJCboi/status/692657846849269764,http://bit.ly/1KbvjCf,https://www.facebook.com/DonaldTrump/posts/10156544702880725:0,https://www.facebook.com/DonaldTrump/videos/10156563262030725/,https://www.facebook.com/DonaldTrump/posts/10156584214900725:0,https://www.facebook.com/DonaldTrump/videos/10156549868870725/,http://www.nbcnews.com/meet-the-press/trump-strong-three-early-states-clinton-san"
RhodeIslandGOP,"Rhode Island","http://ow.ly/Xtprd,http://ow.ly/WxibA,https://twitter.com/kathyprojo/status/685160099409727488,http://bit.ly/1ZavDb2,http://ow.ly/WN9nX,http://ow.ly/WpNqm,http://ow.ly/XklJH,http://ow.ly/Xqp4R,http://ow.ly/WR6b6,https://twitter.com/danmcgowan/status/689517217373884416,http://ow.ly/WPyt3,http://ow.ly/WvVoX,http://ow.ly/WN9JG,http://ow.ly/WxSEo,http://ow.ly/Xkmc1,http://ow.ly/WZI6w,http://ow.ly/X6uuH,http://ow.ly/Xjzxx,http://ow.ly/XHjXi,http://ow.ly/XHVEf,http://ow.ly/WxrQg,http://ow.ly/WJ3jn,http://www.tinyurl.com/h2qvd2q,http://ow.ly/XlYL8,http://ow.ly/WGvgJ,http://ow.ly/3yERvz,http://ow.ly/WTTga,http://portsmouthrepublicans.com/where-have-our-taxes-gone/,http://ow.ly/WKebn,http://ow.ly/Xj5zl,http://ow.ly/XxEuc,http://ow.ly/Xm03b,http://ow.ly/WACRn,http://ow.ly/XIC1p,http://ow.ly/WBZQH,http://ow.ly/Xj73E,http://ow.ly/XoFhB,http://ow.ly/WMtYa,http://ow.ly/Xplhk,http://ow.ly/WWEag,https://drive.google.com/file/d/0B-LzdPbX4AVObElVX0JvWHBKVUk/view?pref=2&pli=1,http://ow.ly/XBHu0,http://ow.ly/WPxo7,http://ow.ly/X"
scsenategop,"South Carolina","https://www.facebook.com/scsenategop/videos/10153870869282329/,http://bit.ly/1RHyIeI,http://bit.ly/1lku8Vj"
sdgop,SD,"http://kelo.com/news/articles/2016/jan/04/noem-rounds-have-problems-with-obama-gun-control/,https://www.youtube.com/watch?v=AqzGwlLCa9E&feature=youtu.be,http://rapidcityjournal.com/now/today/rcj/most-depressing-statistics-for-south-dakota-democrats/collection_b33a5104-af17-11e5-bd2c-ffc990587c58.html,https://twitter.com/nelsonforsd/status/684359434227732480,http://southdakotagop.com/,http://www.foxbusiness.com/features/2016/01/11/fox-business-network-to-live-stream-gop-presidential-debates-january-14.html"
senatenj,"New Jersey","https://www.facebook.com/senatenj/photos/a.462917878611.252430.39859378611/10153563737343612/?type=3&theater,http://www.senatenj.com/index.php/tomkean/kean-nj-dems-ongoing-panynj-obstruction-hurts-commuters-taxpayers/25063,http://www.senatenj.com/index.php/tomkean/now-law-kean-bill-to-create-e-drivers-license-opportunity/25356,http://on.doi.gov/1SegX78,http://www.senatenj.com/index.php/bateman/senate-passes-bateman-legislation-to-increase-standards-for-school-nurse-certification/25062,http://www.nj.gov/oag/dcj/humantrafficking/,http://www.nj.com/morris/index.ssf/2016/01/womans_perseverance_led_to_law_honoring_cop_who_di.html#incart_river_index,http://www.nj.com/morris/index.ssf/2016/01/christophers_law_honors_boy_killed_in_lake_hopatco.html#incart_river_home,https://www.facebook.com/senatenj/posts/10153557503363612,http://www.senatenj.com/index.php/tomkean/with-scr-188-dead-kean-rice-committed-to-a-redistricting-solution-for-all-new-jerseyans/25174,http://www.senatenj.com/index.php/general/agenda-for-new-jers"
SenateRepCaucus,California,"http://dlvr.it/DCj3vP,https://www.periscope.tv/w/aXElhzE0NDk4NTQ0fDFCUktqZGRnYUJ2SncUJu-WDpqatkeu8ZurBNiOJb7_zykR4M6MUSsGG-HVWg==,http://dlvr.it/DLWpwL,http://dlvr.it/DChzd2,http://dlvr.it/KKYfV6,http://dlvr.it/KM2Rd6,http://dlvr.it/DHcjg9,http://dlvr.it/DLWm50,http://dlvr.it/DCj4M4,http://dlvr.it/DFXdhZ,http://dlvr.it/DKzV6B,http://bit.ly/1OvOovm,http://dlvr.it/DKYPmh,http://dlvr.it/DCC4Cn,http://dlvr.it/DChzSc,http://dlvr.it/DHX6xd,http://dlvr.it/DGXdrp,http://dlvr.it/DFXbtj,http://dlvr.it/DH3tqg,http://dlvr.it/KK4kmJ,https://www.periscope.tv/w/aV6nsDE0NDk4NTQ0fDFPeUtBYXBlam1vS2JnM4Xf7AycPdi9JmiLtbOjYyEJ7D4Wi9L25IQLICmT3g==,http://dlvr.it/DHXBjp,http://dlvr.it/KK4hQK,http://dlvr.it/DDD4BX,http://cssrc.us/content/senate-republican-leader-fuller-recognizes-korean-american-day,http://dlvr.it/DGdm6W,http://dlvr.it/KLfCzF,http://dlvr.it/DLWY7G,http://tinyurl.com/zntanxe,http://dlvr.it/DBj6Xv,http://dlvr.it/KL8tcG,http://dlvr.it/DKRvWK,http://dlvr.it/DLWYvd,http://dlvr.it/KL3m7H,http://dlvr.it/DCj19r,http://dlvr."
tedcruz,na,"http://votetedcruz.com/ia,https://www.youtube.com/watch?v=7wHL9XlOPO0,https://twitter.com/right_pilot/status/693801836877352960,http://tedcruz.org/events,https://twitter.com/meetthepress/status/693797624718036993,https://twitter.com/jaketapper/status/693800968970977280,https://amp.twimg.com/v/8581bf98-5060-477b-bb8e-543475db251b,http://www.c-span.org/video/?403939-1/ted-cruz-campaign-rally-iowa-city-iowa,https://twitter.com/iowacruzgirl/status/693834041099993089"
TNGOP,Tennessee,"http://iwillchooselife.com/,http://www.register.gop,http://thehill.com/blogs/blog-briefing-room/news/264630-poll-most-name-government-americas-biggest-problem,https://twitter.com/jeneps/status/691825532011466753,https://youtu.be/BVpemUfiCdM,http://www.theblaze.com/stories/2016/01/13/from-public-housing-to-public-office-rep-diane-black-details-the-long-road-that-brought-her-to-capitol-hill-and-why-health-care-is-near-and-dear-to-her-heart/,https://twitter.com/walkerferrell/status/693466637559791616,https://www.washingtonpost.com/news/the-fix/wp/2016/01/06/why-we-should-know-who-the-republican-presidential-nominee-is-by-march-15/,http://nyti.ms/1l4icqo,https://www.washingtonpost.com/news/the-fix/wp/2016/01/17/this-number-proves-bernie-sanders-can-win-iowa/,https://twitter.com/duanegang/status/692802667769413632,http://roe.house.gov/news/documentsingle.aspx?DocumentID=397974,http://www.register.gop/,http://www.timesfreepress.com/news/local/story/2016/jan/05/tennesseans-should-expect-tv-ads-galore-presi/343224/,h"
UtahGOP,Utah,"http://utah.gop/caucus-hq/,https://www.facebook.com/UTGOP"
VASenateGOP,Virginia,http://fb.me/4bqZaixOu
WVGOP,"West Virginia","http://campaign.r20.constantcontact.com/render?ca=1b0ef71e-9bb9-4ac4-b42a-d7e4b8afe5ad&c=d087aa40-7cba-11e3-b43d-d4ae52754950&ch=d1572f40-7cba-11e3-b497-d4ae52754950,http://campaign.r20.constantcontact.com/render?ca=de6e697d-aa73-429d-9d12-32aa39885470&c=5e7129d0-7cbb-11e3-90d9-d4ae52754950&ch=5f1d9670-7cbb-11e3-913d-d4ae52754950,http://campaign.r20.constantcontact.com/render?ca=a17dcef0-3e33-408f-9c00-8bddc1e57675&c=f7e65850-8211-11e3-961b-d4ae529cddd3&ch=f8233a40-8211-11e3-9632-d4ae529cddd3,http://m.ustream.tv/channel/wv-senate-live,http://wvmetronews.com/2016/01/20/right-to-work-bill-up-for-passage-in-senate-thursday/,http://m.register-herald.com/news/cole-predicts-budget-cuts-at-every-turn-but-no-tax/article_66826769-939f-5337-a761-1845e45c8378.html?mode=jqm,http://campaign.r20.constantcontact.com/render?ca=e2234571-a841-4c2e-bbe6-e753467340c8&c=04b00560-7cbb-11e3-baa0-d4ae52754950&ch=055d5c60-7cbb-11e3-bb31-d4ae52754950,http://www.wvgazettemail.com/daily-mail-opinion/20160118/daily-mail-editorial-the-sta"
